{
    "eccentricity": 0.0014769,
    "inclination": 98.9522,
    "mean_motion": 14.13471944,
    "name": "NOAA 19                 ",
    "norad_id": 33591
}