{
    "eccentricity": 0.0007109,
    "inclination": 51.6331,
    "mean_motion": 15.4957426,
    "name": "ISS (ZARYA)             ",
    "norad_id": 25544
}