{
    "eccentricity": 0.0007145,
    "inclination": 51.6332,
    "mean_motion": 15.49561397,
    "name": "ISS (ZARYA)             ",
    "norad_id": 25544
}